temp,logg,feh,alpha,band,resolution,vsini,sampling,correctflag,quality,cond1,cond2,cond3
5000,4.5,0.0,0.0,Y,70k,0.1,3.8,0,3365,11.4,14.4,11.5
5000,4.5,0.0,0.0,Y,70k,0.1,4.3,0,3407,10.5,13.3,10.6
5000,4.5,0.0,0.0,Y,70k,1.0,3.8,0,3293,11.6,14.8,11.8
5000,4.5,0.0,0.0,Y,70k,1.0,4.3,0,3333,10.7,13.6,10.9
5000,4.5,0.0,0.0,Y,70k,5.0,3.8,0,2110,18.1,23.4,18.4
5000,4.5,0.0,0.0,Y,70k,5.0,4.3,0,2122,16.9,21.7,17.1
5000,4.5,0.0,0.0,Y,70k,10.0,3.8,0,1135,33.7,44.2,34.4
5000,4.5,0.0,0.0,Y,70k,10.0,4.3,0,1137,31.4,41.2,32.0
5000,4.5,0.0,0.0,J,70k,0.1,3.8,0,2857,11.5,31.9,12.1
5000,4.5,0.0,0.0,J,70k,0.1,4.3,0,2889,10.6,29.4,11.2
5000,4.5,0.0,0.0,J,70k,1.0,3.8,0,2796,11.7,32.7,12.4
5000,4.5,0.0,0.0,J,70k,1.0,4.3,0,2826,10.8,30.1,11.4
5000,4.5,0.0,0.0,J,70k,5.0,3.8,0,1862,17.5,50.3,18.6
5000,4.5,0.0,0.0,J,70k,5.0,4.3,0,1871,16.3,46.5,17.3
5000,4.5,0.0,0.0,J,70k,10.0,3.8,0,1069,30.4,91.9,32.4
5000,4.5,0.0,0.0,J,70k,10.0,4.3,0,1071,28.3,85.4,30.1
5000,4.5,0.0,0.0,H,70k,0.1,3.8,0,3740,8.1,13.2,8.3
5000,4.5,0.0,0.0,H,70k,0.1,4.3,0,3777,7.5,12.2,7.7
5000,4.5,0.0,0.0,H,70k,1.0,3.8,0,3675,8.2,13.4,8.4
5000,4.5,0.0,0.0,H,70k,1.0,4.3,0,3710,7.6,12.4,7.8
5000,4.5,0.0,0.0,H,70k,5.0,3.8,0,2538,11.9,19.3,12.2
5000,4.5,0.0,0.0,H,70k,5.0,4.3,0,2549,11.1,17.9,11.3
5000,4.5,0.0,0.0,H,70k,10.0,3.8,0,1499,20.2,32.6,20.7
5000,4.5,0.0,0.0,H,70k,10.0,4.3,0,1502,18.8,30.4,19.3
5000,4.5,0.0,0.0,Y,80k,0.1,3.8,0,3750,9.6,12.1,9.7
5000,4.5,0.0,0.0,Y,80k,0.1,4.3,0,3792,8.8,11.2,8.9
5000,4.5,0.0,0.0,Y,80k,1.0,3.8,0,3655,9.8,12.4,9.9
5000,4.5,0.0,0.0,Y,80k,1.0,4.3,0,3694,9.1,11.5,9.2
5000,4.5,0.0,0.0,Y,80k,5.0,3.8,0,2209,16.2,20.8,16.5
5000,4.5,0.0,0.0,Y,80k,5.0,4.3,0,2218,15.1,19.4,15.3
5000,4.5,0.0,0.0,Y,80k,10.0,3.8,0,1155,31.0,40.6,31.6
5000,4.5,0.0,0.0,Y,80k,10.0,4.3,0,1157,28.9,37.8,29.4
5000,4.5,0.0,0.0,J,80k,0.1,3.8,0,3160,9.7,26.8,10.2
5000,4.5,0.0,0.0,J,80k,0.1,4.3,0,3193,9.0,24.8,9.5
5000,4.5,0.0,0.0,J,80k,1.0,3.8,0,3079,9.9,27.5,10.5
5000,4.5,0.0,0.0,J,80k,1.0,4.3,0,3109,9.2,25.5,9.7
5000,4.5,0.0,0.0,J,80k,5.0,3.8,0,1941,15.8,45.0,16.7
5000,4.5,0.0,0.0,J,80k,5.0,4.3,0,1949,14.6,41.7,15.5
5000,4.5,0.0,0.0,J,80k,10.0,3.8,0,1086,28.0,84.4,29.8
5000,4.5,0.0,0.0,J,80k,10.0,4.3,0,1087,26.1,78.5,27.7
5000,4.5,0.0,0.0,H,80k,0.1,3.8,0,4086,6.9,11.3,7.1
5000,4.5,0.0,0.0,H,80k,0.1,4.3,0,4123,6.4,10.5,6.6
5000,4.5,0.0,0.0,H,80k,1.0,3.8,0,4002,7.1,11.6,7.2
5000,4.5,0.0,0.0,H,80k,1.0,4.3,0,4037,6.6,10.7,6.7
5000,4.5,0.0,0.0,H,80k,5.0,3.8,0,2638,10.7,17.4,11.0
5000,4.5,0.0,0.0,H,80k,5.0,4.3,0,2648,10.0,16.2,10.2
5000,4.5,0.0,0.0,H,80k,10.0,3.8,0,1523,18.6,30.0,19.0
5000,4.5,0.0,0.0,H,80k,10.0,4.3,0,1525,17.3,28.0,17.8
4500,4.5,0.0,0.0,Y,70k,0.1,3.8,0,3883,9.9,12.1,10.0
4500,4.5,0.0,0.0,Y,70k,0.1,4.3,0,3941,9.1,11.2,9.2
4500,4.5,0.0,0.0,Y,70k,1.0,3.8,0,3784,10.1,12.5,10.3
4500,4.5,0.0,0.0,Y,70k,1.0,4.3,0,3838,9.3,11.5,9.5
4500,4.5,0.0,0.0,Y,70k,5.0,3.8,0,2272,16.9,20.8,17.1
4500,4.5,0.0,0.0,Y,70k,5.0,4.3,0,2285,15.7,19.3,15.9
4500,4.5,0.0,0.0,Y,70k,10.0,3.8,0,1164,33.0,41.1,33.5
4500,4.5,0.0,0.0,Y,70k,10.0,4.3,0,1167,30.7,38.3,31.2
4500,4.5,0.0,0.0,J,70k,0.1,3.8,0,2821,11.6,31.3,12.2
4500,4.5,0.0,0.0,J,70k,0.1,4.3,0,2855,10.7,28.8,11.3
4500,4.5,0.0,0.0,J,70k,1.0,3.8,0,2757,11.9,32.2,12.5
4500,4.5,0.0,0.0,J,70k,1.0,4.3,0,2788,10.9,29.5,11.5
4500,4.5,0.0,0.0,J,70k,5.0,3.8,0,1814,18.0,51.4,19.1
4500,4.5,0.0,0.0,J,70k,5.0,4.3,0,1822,16.7,47.5,17.7
4500,4.5,0.0,0.0,J,70k,10.0,3.8,0,1050,31.1,98.0,33.1
4500,4.5,0.0,0.0,J,70k,10.0,4.3,0,1052,28.9,91.1,30.8
4500,4.5,0.0,0.0,H,70k,0.1,3.8,0,4192,7.3,11.7,7.4
4500,4.5,0.0,0.0,H,70k,0.1,4.3,0,4238,6.7,10.8,6.9
4500,4.5,0.0,0.0,H,70k,1.0,3.8,0,4115,7.4,11.9,7.6
4500,4.5,0.0,0.0,H,70k,1.0,4.3,0,4157,6.8,11.0,7.0
4500,4.5,0.0,0.0,H,70k,5.0,3.8,0,2788,10.9,17.4,11.2
4500,4.5,0.0,0.0,H,70k,5.0,4.3,0,2801,10.1,16.2,10.3
4500,4.5,0.0,0.0,H,70k,10.0,3.8,0,1643,18.5,29.3,18.9
4500,4.5,0.0,0.0,H,70k,10.0,4.3,0,1646,17.2,27.3,17.6
4500,4.5,0.0,0.0,Y,80k,0.1,3.8,0,4425,8.1,10.0,8.2
4500,4.5,0.0,0.0,Y,80k,0.1,4.3,0,4486,7.5,9.2,7.6
4500,4.5,0.0,0.0,Y,80k,1.0,3.8,0,4287,8.4,10.3,8.5
4500,4.5,0.0,0.0,Y,80k,1.0,4.3,0,4343,7.7,9.5,7.8
4500,4.5,0.0,0.0,Y,80k,5.0,3.8,0,2388,15.0,18.5,15.2
4500,4.5,0.0,0.0,Y,80k,5.0,4.3,0,2399,14.0,17.2,14.2
4500,4.5,0.0,0.0,Y,80k,10.0,3.8,0,1187,30.2,37.7,30.7
4500,4.5,0.0,0.0,Y,80k,10.0,4.3,0,1190,28.2,35.1,28.6
4500,4.5,0.0,0.0,J,80k,0.1,3.8,0,3138,9.7,26.0,10.3
4500,4.5,0.0,0.0,J,80k,0.1,4.3,0,3173,9.0,24.0,9.5
4500,4.5,0.0,0.0,J,80k,1.0,3.8,0,3051,10.0,26.8,10.6
4500,4.5,0.0,0.0,J,80k,1.0,4.3,0,3083,9.3,24.8,9.8
4500,4.5,0.0,0.0,J,80k,5.0,3.8,0,1891,16.2,45.8,17.1
4500,4.5,0.0,0.0,J,80k,5.0,4.3,0,1898,15.0,42.4,15.9
4500,4.5,0.0,0.0,J,80k,10.0,3.8,0,1066,28.6,89.9,30.4
4500,4.5,0.0,0.0,J,80k,10.0,4.3,0,1068,26.6,83.7,28.4
4500,4.5,0.0,0.0,H,80k,0.1,3.8,0,4612,6.2,9.9,6.3
4500,4.5,0.0,0.0,H,80k,0.1,4.3,0,4657,5.7,9.2,5.9
4500,4.5,0.0,0.0,H,80k,1.0,3.8,0,4510,6.3,10.2,6.5
4500,4.5,0.0,0.0,H,80k,1.0,4.3,0,4552,5.9,9.4,6.0
4500,4.5,0.0,0.0,H,80k,5.0,3.8,0,2901,9.8,15.7,10.0
4500,4.5,0.0,0.0,H,80k,5.0,4.3,0,2912,9.1,14.6,9.3
4500,4.5,0.0,0.0,H,80k,10.0,3.8,0,1669,17.0,27.0,17.4
4500,4.5,0.0,0.0,H,80k,10.0,4.3,0,1671,15.9,25.2,16.2
4000,4.5,0.0,0.0,Y,70k,0.1,3.8,0,5070,7.6,9.1,7.7
4000,4.5,0.0,0.0,Y,70k,0.1,4.3,0,5159,7.0,8.3,7.0
4000,4.5,0.0,0.0,Y,70k,1.0,3.8,0,4917,7.8,9.4,7.9
4000,4.5,0.0,0.0,Y,70k,1.0,4.3,0,5000,7.2,8.6,7.3
4000,4.5,0.0,0.0,Y,70k,5.0,3.8,0,2738,14.0,16.7,14.2
4000,4.5,0.0,0.0,Y,70k,5.0,4.3,0,2756,13.0,15.5,13.2
4000,4.5,0.0,0.0,Y,70k,10.0,3.8,0,1313,29.3,35.0,29.6
4000,4.5,0.0,0.0,Y,70k,10.0,4.3,0,1317,27.3,32.6,27.6
4000,4.5,0.0,0.0,J,70k,0.1,3.8,0,2657,12.2,31.8,12.9
4000,4.5,0.0,0.0,J,70k,0.1,4.3,0,2692,11.2,29.1,11.8
4000,4.5,0.0,0.0,J,70k,1.0,3.8,0,2591,12.5,32.7,13.2
4000,4.5,0.0,0.0,J,70k,1.0,4.3,0,2623,11.5,30.0,12.2
4000,4.5,0.0,0.0,J,70k,5.0,3.8,0,1659,19.6,54.6,20.7
4000,4.5,0.0,0.0,J,70k,5.0,4.3,0,1667,18.2,50.5,19.3
4000,4.5,0.0,0.0,J,70k,10.0,3.8,0,941,34.7,110.3,36.9
4000,4.5,0.0,0.0,J,70k,10.0,4.3,0,942,32.4,102.6,34.4
4000,4.5,0.0,0.0,H,70k,0.1,3.8,0,5201,5.9,9.3,6.0
4000,4.5,0.0,0.0,H,70k,0.1,4.3,0,5257,5.4,8.6,5.5
4000,4.5,0.0,0.0,H,70k,1.0,3.8,0,5106,6.0,9.5,6.1
4000,4.5,0.0,0.0,H,70k,1.0,4.3,0,5159,5.5,8.7,5.6
4000,4.5,0.0,0.0,H,70k,5.0,3.8,0,3386,9.0,14.2,9.2
4000,4.5,0.0,0.0,H,70k,5.0,4.3,0,3403,8.3,13.1,8.5
4000,4.5,0.0,0.0,H,70k,10.0,3.8,0,1878,16.2,25.3,16.6
4000,4.5,0.0,0.0,H,70k,10.0,4.3,0,1882,15.1,23.5,15.4
4000,4.5,0.0,0.0,Y,80k,0.1,3.8,0,5907,6.1,7.3,6.2
4000,4.5,0.0,0.0,Y,80k,0.1,4.3,0,6003,5.6,6.7,5.7
4000,4.5,0.0,0.0,Y,80k,1.0,3.8,0,5689,6.3,7.6,6.4
4000,4.5,0.0,0.0,Y,80k,1.0,4.3,0,5776,5.8,7.0,5.9
4000,4.5,0.0,0.0,Y,80k,5.0,3.8,0,2893,12.4,14.8,12.6
4000,4.5,0.0,0.0,Y,80k,5.0,4.3,0,2909,11.5,13.7,11.7
4000,4.5,0.0,0.0,Y,80k,10.0,3.8,0,1344,26.8,32.0,27.1
4000,4.5,0.0,0.0,Y,80k,10.0,4.3,0,1347,24.9,29.8,25.2
4000,4.5,0.0,0.0,J,80k,0.1,3.8,0,2987,10.2,25.9,10.7
4000,4.5,0.0,0.0,J,80k,0.1,4.3,0,3023,9.3,23.8,9.8
4000,4.5,0.0,0.0,J,80k,1.0,3.8,0,2895,10.5,26.9,11.0
4000,4.5,0.0,0.0,J,80k,1.0,4.3,0,2929,9.6,24.7,10.2
4000,4.5,0.0,0.0,J,80k,5.0,3.8,0,1733,17.6,48.5,18.6
4000,4.5,0.0,0.0,J,80k,5.0,4.3,0,1740,16.3,44.9,17.3
4000,4.5,0.0,0.0,J,80k,10.0,3.8,0,956,32.0,101.1,34.0
4000,4.5,0.0,0.0,J,80k,10.0,4.3,0,957,29.8,94.0,31.7
4000,4.5,0.0,0.0,H,80k,0.1,3.8,0,5712,5.0,7.9,5.1
4000,4.5,0.0,0.0,H,80k,0.1,4.3,0,5764,4.6,7.3,4.7
4000,4.5,0.0,0.0,H,80k,1.0,3.8,0,5591,5.1,8.1,5.2
4000,4.5,0.0,0.0,H,80k,1.0,4.3,0,5641,4.7,7.5,4.8
4000,4.5,0.0,0.0,H,80k,5.0,3.8,0,3536,8.0,12.7,8.2
4000,4.5,0.0,0.0,H,80k,5.0,4.3,0,3550,7.5,11.8,7.7
4000,4.5,0.0,0.0,H,80k,10.0,3.8,0,1910,14.9,23.2,15.2
4000,4.5,0.0,0.0,H,80k,10.0,4.3,0,1913,13.9,21.7,14.2
3900,4.5,0.0,0.0,Y,70k,0.1,3.8,0,5187,7.4,8.9,7.5
3900,4.5,0.0,0.0,Y,70k,0.1,4.3,0,5280,6.8,8.1,6.9
3900,4.5,0.0,0.0,Y,70k,1.0,3.8,0,5029,7.6,9.1,7.7
3900,4.5,0.0,0.0,Y,70k,1.0,4.3,0,5115,7.0,8.4,7.1
3900,4.5,0.0,0.0,Y,70k,5.0,3.8,0,2777,13.8,16.4,14.0
3900,4.5,0.0,0.0,Y,70k,5.0,4.3,0,2796,12.8,15.3,13.0
3900,4.5,0.0,0.0,Y,70k,10.0,3.8,0,1322,29.1,34.7,29.4
3900,4.5,0.0,0.0,Y,70k,10.0,4.3,0,1326,27.1,32.3,27.4
3900,4.5,0.0,0.0,J,70k,0.1,3.8,0,2624,12.4,31.9,13.0
3900,4.5,0.0,0.0,J,70k,0.1,4.3,0,2659,11.4,29.2,12.0
3900,4.5,0.0,0.0,J,70k,1.0,3.8,0,2557,12.7,32.9,13.4
3900,4.5,0.0,0.0,J,70k,1.0,4.3,0,2589,11.7,30.1,12.3
3900,4.5,0.0,0.0,J,70k,5.0,3.8,0,1621,20.1,55.6,21.2
3900,4.5,0.0,0.0,J,70k,5.0,4.3,0,1629,18.6,51.3,19.7
3900,4.5,0.0,0.0,J,70k,10.0,3.8,0,911,35.8,113.1,38.1
3900,4.5,0.0,0.0,J,70k,10.0,4.3,0,913,33.4,105.2,35.5
3900,4.5,0.0,0.0,H,70k,0.1,3.8,0,5153,5.9,9.4,6.1
3900,4.5,0.0,0.0,H,70k,0.1,4.3,0,5206,5.5,8.6,5.6
3900,4.5,0.0,0.0,H,70k,1.0,3.8,0,5061,6.0,9.6,6.2
3900,4.5,0.0,0.0,H,70k,1.0,4.3,0,5112,5.6,8.8,5.7
3900,4.5,0.0,0.0,H,70k,5.0,3.8,0,3382,9.0,14.2,9.2
3900,4.5,0.0,0.0,H,70k,5.0,4.3,0,3399,8.3,13.1,8.5
3900,4.5,0.0,0.0,H,70k,10.0,3.8,0,1876,16.2,25.3,16.6
3900,4.5,0.0,0.0,H,70k,10.0,4.3,0,1879,15.1,23.6,15.4
3900,4.5,0.0,0.0,Y,80k,0.1,3.8,0,6059,5.9,7.1,6.0
3900,4.5,0.0,0.0,Y,80k,0.1,4.3,0,6158,5.5,6.5,5.5
3900,4.5,0.0,0.0,Y,80k,1.0,3.8,0,5831,6.2,7.4,6.2
3900,4.5,0.0,0.0,Y,80k,1.0,4.3,0,5921,5.7,6.8,5.7
3900,4.5,0.0,0.0,Y,80k,5.0,3.8,0,2937,12.2,14.6,12.4
3900,4.5,0.0,0.0,Y,80k,5.0,4.3,0,2952,11.4,13.5,11.5
3900,4.5,0.0,0.0,Y,80k,10.0,3.8,0,1354,26.5,31.7,26.9
3900,4.5,0.0,0.0,Y,80k,10.0,4.3,0,1357,24.7,29.5,25.0
3900,4.5,0.0,0.0,J,80k,0.1,3.8,0,2959,10.3,26.0,10.8
3900,4.5,0.0,0.0,J,80k,0.1,4.3,0,2997,9.4,23.8,9.9
3900,4.5,0.0,0.0,J,80k,1.0,3.8,0,2866,10.6,26.9,11.1
3900,4.5,0.0,0.0,J,80k,1.0,4.3,0,2900,9.7,24.7,10.2
3900,4.5,0.0,0.0,J,80k,5.0,3.8,0,1694,18.0,49.3,19.0
3900,4.5,0.0,0.0,J,80k,5.0,4.3,0,1702,16.7,45.6,17.6
3900,4.5,0.0,0.0,J,80k,10.0,3.8,0,926,33.0,103.6,35.0
3900,4.5,0.0,0.0,J,80k,10.0,4.3,0,928,30.7,96.3,32.7
3900,4.5,0.0,0.0,H,80k,0.1,3.8,0,5644,5.1,8.0,5.2
3900,4.5,0.0,0.0,H,80k,0.1,4.3,0,5694,4.7,7.4,4.8
3900,4.5,0.0,0.0,H,80k,1.0,3.8,0,5528,5.2,8.2,5.3
3900,4.5,0.0,0.0,H,80k,1.0,4.3,0,5576,4.8,7.6,4.9
3900,4.5,0.0,0.0,H,80k,5.0,3.8,0,3530,8.1,12.7,8.2
3900,4.5,0.0,0.0,H,80k,5.0,4.3,0,3544,7.5,11.8,7.7
3900,4.5,0.0,0.0,H,80k,10.0,3.8,0,1908,14.9,23.3,15.2
3900,4.5,0.0,0.0,H,80k,10.0,4.3,0,1911,13.9,21.7,14.2
3700,4.5,0.0,0.0,Y,70k,0.1,3.8,0,5497,7.0,8.3,7.1
3700,4.5,0.0,0.0,Y,70k,0.1,4.3,0,5597,6.4,7.7,6.5
3700,4.5,0.0,0.0,Y,70k,1.0,3.8,0,5325,7.2,8.6,7.3
3700,4.5,0.0,0.0,Y,70k,1.0,4.3,0,5418,6.6,7.9,6.7
3700,4.5,0.0,0.0,Y,70k,5.0,3.8,0,2901,13.2,15.7,13.4
3700,4.5,0.0,0.0,Y,70k,5.0,4.3,0,2920,12.3,14.6,12.4
3700,4.5,0.0,0.0,Y,70k,10.0,3.8,0,1367,28.1,33.4,28.4
3700,4.5,0.0,0.0,Y,70k,10.0,4.3,0,1370,26.2,31.1,26.5
3700,4.5,0.0,0.0,J,70k,0.1,3.8,0,2634,12.3,31.2,12.9
3700,4.5,0.0,0.0,J,70k,0.1,4.3,0,2671,11.3,28.5,11.9
3700,4.5,0.0,0.0,J,70k,1.0,3.8,0,2563,12.6,32.2,13.3
3700,4.5,0.0,0.0,J,70k,1.0,4.3,0,2597,11.6,29.5,12.2
3700,4.5,0.0,0.0,J,70k,5.0,3.8,0,1590,20.4,55.5,21.6
3700,4.5,0.0,0.0,J,70k,5.0,4.3,0,1598,19.0,51.3,20.0
3700,4.5,0.0,0.0,J,70k,10.0,3.8,0,876,37.3,114.3,39.6
3700,4.5,0.0,0.0,J,70k,10.0,4.3,0,877,34.7,106.3,36.9
3700,4.5,0.0,0.0,H,70k,0.1,3.8,0,4977,6.1,9.7,6.3
3700,4.5,0.0,0.0,H,70k,0.1,4.3,0,5027,5.6,8.9,5.8
3700,4.5,0.0,0.0,H,70k,1.0,3.8,0,4893,6.2,9.9,6.4
3700,4.5,0.0,0.0,H,70k,1.0,4.3,0,4940,5.7,9.1,5.9
3700,4.5,0.0,0.0,H,70k,5.0,3.8,0,3329,9.1,14.4,9.3
3700,4.5,0.0,0.0,H,70k,5.0,4.3,0,3346,8.5,13.4,8.7
3700,4.5,0.0,0.0,H,70k,10.0,3.8,0,1871,16.2,25.5,16.6
3700,4.5,0.0,0.0,H,70k,10.0,4.3,0,1874,15.1,23.7,15.5
3700,4.5,0.0,0.0,Y,80k,0.1,3.8,0,6444,5.6,6.7,5.6
3700,4.5,0.0,0.0,Y,80k,0.1,4.3,0,6553,5.1,6.1,5.2
3700,4.5,0.0,0.0,Y,80k,1.0,3.8,0,6196,5.8,6.9,5.9
3700,4.5,0.0,0.0,Y,80k,1.0,4.3,0,6295,5.3,6.4,5.4
3700,4.5,0.0,0.0,Y,80k,5.0,3.8,0,3070,11.7,13.9,11.8
3700,4.5,0.0,0.0,Y,80k,5.0,4.3,0,3087,10.9,12.9,11.0
3700,4.5,0.0,0.0,Y,80k,10.0,3.8,0,1400,25.7,30.5,26.0
3700,4.5,0.0,0.0,Y,80k,10.0,4.3,0,1403,23.9,28.4,24.2
3700,4.5,0.0,0.0,J,80k,0.1,3.8,0,2993,10.1,25.2,10.6
3700,4.5,0.0,0.0,J,80k,0.1,4.3,0,3033,9.3,23.0,9.8
3700,4.5,0.0,0.0,J,80k,1.0,3.8,0,2892,10.5,26.2,11.0
3700,4.5,0.0,0.0,J,80k,1.0,4.3,0,2929,9.6,24.0,10.1
3700,4.5,0.0,0.0,J,80k,5.0,3.8,0,1664,18.3,49.3,19.3
3700,4.5,0.0,0.0,J,80k,5.0,4.3,0,1672,17.0,45.6,17.9
3700,4.5,0.0,0.0,J,80k,10.0,3.8,0,891,34.3,104.6,36.4
3700,4.5,0.0,0.0,J,80k,10.0,4.3,0,892,31.9,97.3,33.9
3700,4.5,0.0,0.0,H,80k,0.1,3.8,0,5429,5.2,8.3,5.3
3700,4.5,0.0,0.0,H,80k,0.1,4.3,0,5475,4.9,7.7,5.0
3700,4.5,0.0,0.0,H,80k,1.0,3.8,0,5322,5.3,8.5,5.5
3700,4.5,0.0,0.0,H,80k,1.0,4.3,0,5366,5.0,7.9,5.1
3700,4.5,0.0,0.0,H,80k,5.0,3.8,0,3471,8.2,12.9,8.4
3700,4.5,0.0,0.0,H,80k,5.0,4.3,0,3484,7.6,12.0,7.8
3700,4.5,0.0,0.0,H,80k,10.0,3.8,0,1902,14.9,23.4,15.3
3700,4.5,0.0,0.0,H,80k,10.0,4.3,0,1905,13.9,21.8,14.2
3600,4.5,0.0,0.0,Y,70k,0.1,3.8,0,5736,6.7,8.0,6.8
3600,4.5,0.0,0.0,Y,70k,0.1,4.3,0,5842,6.1,7.3,6.2
3600,4.5,0.0,0.0,Y,70k,1.0,3.8,0,5555,6.9,8.3,7.0
3600,4.5,0.0,0.0,Y,70k,1.0,4.3,0,5652,6.3,7.6,6.4
3600,4.5,0.0,0.0,Y,70k,5.0,3.8,0,3008,12.8,15.1,12.9
3600,4.5,0.0,0.0,Y,70k,5.0,4.3,0,3028,11.8,14.0,12.0
3600,4.5,0.0,0.0,Y,70k,10.0,3.8,0,1411,27.2,32.3,27.5
3600,4.5,0.0,0.0,Y,70k,10.0,4.3,0,1415,25.4,30.1,25.6
3600,4.5,0.0,0.0,J,70k,0.1,3.8,0,2688,12.0,30.2,12.7
3600,4.5,0.0,0.0,J,70k,0.1,4.3,0,2727,11.0,27.6,11.6
3600,4.5,0.0,0.0,J,70k,1.0,3.8,0,2613,12.4,31.2,13.0
3600,4.5,0.0,0.0,J,70k,1.0,4.3,0,2649,11.4,28.5,12.0
3600,4.5,0.0,0.0,J,70k,5.0,3.8,0,1602,20.3,54.3,21.4
3600,4.5,0.0,0.0,J,70k,5.0,4.3,0,1610,18.8,50.2,19.9
3600,4.5,0.0,0.0,J,70k,10.0,3.8,0,873,37.4,112.1,39.7
3600,4.5,0.0,0.0,J,70k,10.0,4.3,0,875,34.8,104.3,37.0
3600,4.5,0.0,0.0,H,70k,0.1,3.8,0,4909,6.2,9.9,6.3
3600,4.5,0.0,0.0,H,70k,0.1,4.3,0,4957,5.7,9.1,5.8
3600,4.5,0.0,0.0,H,70k,1.0,3.8,0,4825,6.3,10.1,6.4
3600,4.5,0.0,0.0,H,70k,1.0,4.3,0,4872,5.8,9.3,5.9
3600,4.5,0.0,0.0,H,70k,5.0,3.8,0,3297,9.2,14.6,9.4
3600,4.5,0.0,0.0,H,70k,5.0,4.3,0,3313,8.5,13.5,8.7
3600,4.5,0.0,0.0,H,70k,10.0,3.8,0,1869,16.3,25.6,16.6
3600,4.5,0.0,0.0,H,70k,10.0,4.3,0,1872,15.1,23.8,15.5
3600,4.5,0.0,0.0,Y,80k,0.1,3.8,0,6737,5.3,6.4,5.4
3600,4.5,0.0,0.0,Y,80k,0.1,4.3,0,6852,4.9,5.9,5.0
3600,4.5,0.0,0.0,Y,80k,1.0,3.8,0,6474,5.5,6.6,5.6
3600,4.5,0.0,0.0,Y,80k,1.0,4.3,0,6578,5.1,6.1,5.2
3600,4.5,0.0,0.0,Y,80k,5.0,3.8,0,3185,11.3,13.4,11.4
3600,4.5,0.0,0.0,Y,80k,5.0,4.3,0,3202,10.5,12.4,10.6
3600,4.5,0.0,0.0,Y,80k,10.0,3.8,0,1445,24.9,29.5,25.1
3600,4.5,0.0,0.0,Y,80k,10.0,4.3,0,1449,23.2,27.5,23.4
3600,4.5,0.0,0.0,J,80k,0.1,3.8,0,3066,9.9,24.3,10.4
3600,4.5,0.0,0.0,J,80k,0.1,4.3,0,3109,9.0,22.2,9.5
3600,4.5,0.0,0.0,J,80k,1.0,3.8,0,2960,10.2,25.3,10.7
3600,4.5,0.0,0.0,J,80k,1.0,4.3,0,2999,9.4,23.1,9.9
3600,4.5,0.0,0.0,J,80k,5.0,3.8,0,1678,18.1,48.2,19.1
3600,4.5,0.0,0.0,J,80k,5.0,4.3,0,1686,16.8,44.6,17.7
3600,4.5,0.0,0.0,J,80k,10.0,3.8,0,888,34.3,102.6,36.4
3600,4.5,0.0,0.0,J,80k,10.0,4.3,0,890,32.0,95.4,34.0
3600,4.5,0.0,0.0,H,80k,0.1,3.8,0,5354,5.3,8.5,5.4
3600,4.5,0.0,0.0,H,80k,0.1,4.3,0,5400,4.9,7.8,5.0
3600,4.5,0.0,0.0,H,80k,1.0,3.8,0,5249,5.4,8.6,5.5
3600,4.5,0.0,0.0,H,80k,1.0,4.3,0,5293,5.0,8.0,5.1
3600,4.5,0.0,0.0,H,80k,5.0,3.8,0,3435,8.3,13.1,8.4
3600,4.5,0.0,0.0,H,80k,5.0,4.3,0,3448,7.7,12.2,7.9
3600,4.5,0.0,0.0,H,80k,10.0,3.8,0,1900,14.9,23.5,15.3
3600,4.5,0.0,0.0,H,80k,10.0,4.3,0,1903,13.9,22.0,14.3
3400,4.5,0.0,0.0,Y,70k,0.1,3.8,0,6325,6.1,7.3,6.1
3400,4.5,0.0,0.0,Y,70k,0.1,4.3,0,6441,5.6,6.7,5.6
3400,4.5,0.0,0.0,Y,70k,1.0,3.8,0,6126,6.3,7.5,6.3
3400,4.5,0.0,0.0,Y,70k,1.0,4.3,0,6233,5.8,6.9,5.8
3400,4.5,0.0,0.0,Y,70k,5.0,3.8,0,3340,11.5,13.6,11.6
3400,4.5,0.0,0.0,Y,70k,5.0,4.3,0,3362,10.7,12.6,10.8
3400,4.5,0.0,0.0,Y,70k,10.0,3.8,0,1596,24.1,28.6,24.4
3400,4.5,0.0,0.0,Y,70k,10.0,4.3,0,1600,22.4,26.6,22.7
3400,4.5,0.0,0.0,J,70k,0.1,3.8,0,2911,11.1,27.0,11.6
3400,4.5,0.0,0.0,J,70k,0.1,4.3,0,2956,10.1,24.7,10.7
3400,4.5,0.0,0.0,J,70k,1.0,3.8,0,2825,11.4,28.0,12.0
3400,4.5,0.0,0.0,J,70k,1.0,4.3,0,2867,10.4,25.6,11.0
3400,4.5,0.0,0.0,J,70k,5.0,3.8,0,1688,19.2,49.7,20.2
3400,4.5,0.0,0.0,J,70k,5.0,4.3,0,1698,17.8,46.0,18.8
3400,4.5,0.0,0.0,J,70k,10.0,3.8,0,900,36.2,102.9,38.4
3400,4.5,0.0,0.0,J,70k,10.0,4.3,0,902,33.7,95.7,35.8
3400,4.5,0.0,0.0,H,70k,0.1,3.8,0,4864,6.2,10.3,6.4
3400,4.5,0.0,0.0,H,70k,0.1,4.3,0,4915,5.7,9.4,5.9
3400,4.5,0.0,0.0,H,70k,1.0,3.8,0,4775,6.4,10.4,6.5
3400,4.5,0.0,0.0,H,70k,1.0,4.3,0,4825,5.9,9.6,6.0
3400,4.5,0.0,0.0,H,70k,5.0,3.8,0,3217,9.4,15.3,9.7
3400,4.5,0.0,0.0,H,70k,5.0,4.3,0,3232,8.8,14.2,9.0
3400,4.5,0.0,0.0,H,70k,10.0,3.8,0,1827,16.6,26.9,17.1
3400,4.5,0.0,0.0,H,70k,10.0,4.3,0,1831,15.5,25.1,15.9
3400,4.5,0.0,0.0,Y,80k,0.1,3.8,0,7423,4.8,5.8,4.9
3400,4.5,0.0,0.0,Y,80k,0.1,4.3,0,7549,4.4,5.3,4.5
3400,4.5,0.0,0.0,Y,80k,1.0,3.8,0,7135,5.0,6.0,5.1
3400,4.5,0.0,0.0,Y,80k,1.0,4.3,0,7249,4.6,5.5,4.7
3400,4.5,0.0,0.0,Y,80k,5.0,3.8,0,3533,10.2,12.1,10.3
3400,4.5,0.0,0.0,Y,80k,5.0,4.3,0,3552,9.5,11.2,9.6
3400,4.5,0.0,0.0,Y,80k,10.0,3.8,0,1634,22.0,26.1,22.3
3400,4.5,0.0,0.0,Y,80k,10.0,4.3,0,1637,20.5,24.3,20.7
3400,4.5,0.0,0.0,J,80k,0.1,3.8,0,3348,9.0,21.6,9.5
3400,4.5,0.0,0.0,J,80k,0.1,4.3,0,3399,8.2,19.7,8.6
3400,4.5,0.0,0.0,J,80k,1.0,3.8,0,3225,9.3,22.6,9.8
3400,4.5,0.0,0.0,J,80k,1.0,4.3,0,3271,8.5,20.6,9.0
3400,4.5,0.0,0.0,J,80k,5.0,3.8,0,1773,17.1,44.1,18.0
3400,4.5,0.0,0.0,J,80k,5.0,4.3,0,1781,15.8,40.8,16.7
3400,4.5,0.0,0.0,J,80k,10.0,3.8,0,917,33.2,94.1,35.2
3400,4.5,0.0,0.0,J,80k,10.0,4.3,0,919,30.9,87.6,32.8
3400,4.5,0.0,0.0,H,80k,0.1,3.8,0,5341,5.3,8.7,5.4
3400,4.5,0.0,0.0,H,80k,0.1,4.3,0,5392,4.9,8.1,5.0
3400,4.5,0.0,0.0,H,80k,1.0,3.8,0,5227,5.4,8.9,5.5
3400,4.5,0.0,0.0,H,80k,1.0,4.3,0,5275,5.0,8.3,5.1
3400,4.5,0.0,0.0,H,80k,5.0,3.8,0,3352,8.5,13.8,8.7
3400,4.5,0.0,0.0,H,80k,5.0,4.3,0,3365,7.9,12.8,8.1
3400,4.5,0.0,0.0,H,80k,10.0,3.8,0,1858,15.3,24.7,15.7
3400,4.5,0.0,0.0,H,80k,10.0,4.3,0,1861,14.3,23.1,14.6
3200,4.5,0.0,0.0,Y,70k,0.1,3.8,0,6452,6.0,7.4,6.1
3200,4.5,0.0,0.0,Y,70k,0.1,4.3,0,6557,5.5,6.8,5.6
3200,4.5,0.0,0.0,Y,70k,1.0,3.8,0,6272,6.2,7.6,6.3
3200,4.5,0.0,0.0,Y,70k,1.0,4.3,0,6370,5.7,7.0,5.8
3200,4.5,0.0,0.0,Y,70k,5.0,3.8,0,3702,10.5,12.6,10.6
3200,4.5,0.0,0.0,Y,70k,5.0,4.3,0,3723,9.8,11.7,9.9
3200,4.5,0.0,0.0,Y,70k,10.0,3.8,0,1980,19.6,23.2,19.9
3200,4.5,0.0,0.0,Y,70k,10.0,4.3,0,1985,18.3,21.6,18.5
3200,4.5,0.0,0.0,J,70k,0.1,3.8,0,3392,9.4,22.3,9.9
3200,4.5,0.0,0.0,J,70k,0.1,4.3,0,3448,8.6,20.3,9.1
3200,4.5,0.0,0.0,J,70k,1.0,3.8,0,3286,9.7,23.1,10.2
3200,4.5,0.0,0.0,J,70k,1.0,4.3,0,3337,8.9,21.1,9.4
3200,4.5,0.0,0.0,J,70k,5.0,3.8,0,1912,16.8,42.0,17.8
3200,4.5,0.0,0.0,J,70k,5.0,4.3,0,1923,15.6,38.9,16.5
3200,4.5,0.0,0.0,J,70k,10.0,3.8,0,995,32.6,87.1,34.6
3200,4.5,0.0,0.0,J,70k,10.0,4.3,0,997,30.4,81.1,32.2
3200,4.5,0.0,0.0,H,70k,0.1,3.8,0,4861,6.2,10.8,6.4
3200,4.5,0.0,0.0,H,70k,0.1,4.3,0,4918,5.7,9.9,5.9
3200,4.5,0.0,0.0,H,70k,1.0,3.8,0,4766,6.3,11.0,6.5
3200,4.5,0.0,0.0,H,70k,1.0,4.3,0,4819,5.8,10.1,6.0
3200,4.5,0.0,0.0,H,70k,5.0,3.8,0,3121,9.7,16.6,10.0
3200,4.5,0.0,0.0,H,70k,5.0,4.3,0,3137,9.0,15.4,9.3
3200,4.5,0.0,0.0,H,70k,10.0,3.8,0,1734,17.6,29.9,18.1
3200,4.5,0.0,0.0,H,70k,10.0,4.3,0,1737,16.4,27.9,16.9
3200,4.5,0.0,0.0,Y,80k,0.1,3.8,0,7454,4.9,6.0,4.9
3200,4.5,0.0,0.0,Y,80k,0.1,4.3,0,7570,4.5,5.5,4.5
3200,4.5,0.0,0.0,Y,80k,1.0,3.8,0,7193,5.1,6.2,5.1
3200,4.5,0.0,0.0,Y,80k,1.0,4.3,0,7299,4.7,5.7,4.7
3200,4.5,0.0,0.0,Y,80k,5.0,3.8,0,3887,9.4,11.2,9.5
3200,4.5,0.0,0.0,Y,80k,5.0,4.3,0,3905,8.7,10.4,8.8
3200,4.5,0.0,0.0,Y,80k,10.0,3.8,0,2018,18.0,21.3,18.2
3200,4.5,0.0,0.0,Y,80k,10.0,4.3,0,2021,16.8,19.9,17.0
3200,4.5,0.0,0.0,J,80k,0.1,3.8,0,3934,7.6,17.7,8.0
3200,4.5,0.0,0.0,J,80k,0.1,4.3,0,3997,6.9,16.1,7.3
3200,4.5,0.0,0.0,J,80k,1.0,3.8,0,3780,7.9,18.5,8.3
3200,4.5,0.0,0.0,J,80k,1.0,4.3,0,3837,7.2,16.9,7.6
3200,4.5,0.0,0.0,J,80k,5.0,3.8,0,2011,15.0,37.2,15.8
3200,4.5,0.0,0.0,J,80k,5.0,4.3,0,2021,13.9,34.4,14.6
3200,4.5,0.0,0.0,J,80k,10.0,3.8,0,1015,29.9,79.7,31.7
3200,4.5,0.0,0.0,J,80k,10.0,4.3,0,1017,27.9,74.1,29.5
3200,4.5,0.0,0.0,H,80k,0.1,3.8,0,5384,5.2,9.1,5.4
3200,4.5,0.0,0.0,H,80k,0.1,4.3,0,5440,4.8,8.4,5.0
3200,4.5,0.0,0.0,H,80k,1.0,3.8,0,5259,5.4,9.3,5.5
3200,4.5,0.0,0.0,H,80k,1.0,4.3,0,5312,5.0,8.6,5.1
3200,4.5,0.0,0.0,H,80k,5.0,3.8,0,3259,8.7,14.9,8.9
3200,4.5,0.0,0.0,H,80k,5.0,4.3,0,3273,8.1,13.8,8.3
3200,4.5,0.0,0.0,H,80k,10.0,3.8,0,1764,16.2,27.5,16.6
3200,4.5,0.0,0.0,H,80k,10.0,4.3,0,1767,15.1,25.7,15.5
3000,4.5,0.0,0.0,Y,70k,0.1,3.8,0,7187,5.4,6.8,5.5
3000,4.5,0.0,0.0,Y,70k,0.1,4.3,0,7298,5.0,6.2,5.0
3000,4.5,0.0,0.0,Y,70k,1.0,3.8,0,6998,5.6,6.9,5.6
3000,4.5,0.0,0.0,Y,70k,1.0,4.3,0,7101,5.1,6.4,5.2
3000,4.5,0.0,0.0,Y,70k,5.0,3.8,0,4260,9.1,11.1,9.2
3000,4.5,0.0,0.0,Y,70k,5.0,4.3,0,4283,8.5,10.3,8.6
3000,4.5,0.0,0.0,Y,70k,10.0,3.8,0,2389,16.3,19.3,16.5
3000,4.5,0.0,0.0,Y,70k,10.0,4.3,0,2394,15.2,18.0,15.3
3000,4.5,0.0,0.0,J,70k,0.1,3.8,0,3705,8.6,22.1,9.0
3000,4.5,0.0,0.0,J,70k,0.1,4.3,0,3765,7.8,20.2,8.3
3000,4.5,0.0,0.0,J,70k,1.0,3.8,0,3592,8.8,22.9,9.3
3000,4.5,0.0,0.0,J,70k,1.0,4.3,0,3646,8.1,20.9,8.5
3000,4.5,0.0,0.0,J,70k,5.0,3.8,0,2117,15.1,40.3,16.0
3000,4.5,0.0,0.0,J,70k,5.0,4.3,0,2129,14.0,37.3,14.8
3000,4.5,0.0,0.0,J,70k,10.0,3.8,0,1127,28.7,78.2,30.5
3000,4.5,0.0,0.0,J,70k,10.0,4.3,0,1130,26.7,72.8,28.4
3000,4.5,0.0,0.0,H,70k,0.1,3.8,0,5104,5.9,10.9,6.1
3000,4.5,0.0,0.0,H,70k,0.1,4.3,0,5167,5.4,10.0,5.6
3000,4.5,0.0,0.0,H,70k,1.0,3.8,0,4998,6.0,11.1,6.2
3000,4.5,0.0,0.0,H,70k,1.0,4.3,0,5057,5.6,10.2,5.7
3000,4.5,0.0,0.0,H,70k,5.0,3.8,0,3189,9.5,17.2,9.8
3000,4.5,0.0,0.0,H,70k,5.0,4.3,0,3206,8.8,16.0,9.1
3000,4.5,0.0,0.0,H,70k,10.0,3.8,0,1724,17.7,32.3,18.3
3000,4.5,0.0,0.0,H,70k,10.0,4.3,0,1728,16.5,30.1,17.0
3000,4.5,0.0,0.0,Y,80k,0.1,3.8,0,8247,4.4,5.5,4.5
3000,4.5,0.0,0.0,Y,80k,0.1,4.3,0,8370,4.1,5.1,4.1
3000,4.5,0.0,0.0,Y,80k,1.0,3.8,0,7974,4.6,5.7,4.6
3000,4.5,0.0,0.0,Y,80k,1.0,4.3,0,8085,4.2,5.3,4.3
3000,4.5,0.0,0.0,Y,80k,5.0,3.8,0,4460,8.2,9.9,8.3
3000,4.5,0.0,0.0,Y,80k,5.0,4.3,0,4479,7.6,9.2,7.7
3000,4.5,0.0,0.0,Y,80k,10.0,3.8,0,2430,15.0,17.8,15.1
3000,4.5,0.0,0.0,Y,80k,10.0,4.3,0,2434,14.0,16.6,14.1
3000,4.5,0.0,0.0,J,80k,0.1,3.8,0,4280,6.9,17.7,7.3
3000,4.5,0.0,0.0,J,80k,0.1,4.3,0,4348,6.3,16.1,6.7
3000,4.5,0.0,0.0,J,80k,1.0,3.8,0,4116,7.2,18.5,7.6
3000,4.5,0.0,0.0,J,80k,1.0,4.3,0,4177,6.6,16.9,6.9
3000,4.5,0.0,0.0,J,80k,5.0,3.8,0,2225,13.5,35.8,14.2
3000,4.5,0.0,0.0,J,80k,5.0,4.3,0,2235,12.5,33.1,13.2
3000,4.5,0.0,0.0,J,80k,10.0,3.8,0,1149,26.4,71.8,28.0
3000,4.5,0.0,0.0,J,80k,10.0,4.3,0,1151,24.6,66.8,26.1
3000,4.5,0.0,0.0,H,80k,0.1,3.8,0,5693,4.9,9.1,5.1
3000,4.5,0.0,0.0,H,80k,0.1,4.3,0,5757,4.6,8.4,4.7
3000,4.5,0.0,0.0,H,80k,1.0,3.8,0,5551,5.1,9.3,5.2
3000,4.5,0.0,0.0,H,80k,1.0,4.3,0,5611,4.7,8.6,4.8
3000,4.5,0.0,0.0,H,80k,5.0,3.8,0,3337,8.5,15.4,8.8
3000,4.5,0.0,0.0,H,80k,5.0,4.3,0,3351,7.9,14.3,8.1
3000,4.5,0.0,0.0,H,80k,10.0,3.8,0,1756,16.2,29.7,16.8
3000,4.5,0.0,0.0,H,80k,10.0,4.3,0,1760,15.1,27.7,15.6
2800,4.5,0.0,0.0,Y,70k,0.1,3.8,0,9003,4.3,5.5,4.4
2800,4.5,0.0,0.0,Y,70k,0.1,4.3,0,9144,4.0,5.1,4.0
2800,4.5,0.0,0.0,Y,70k,1.0,3.8,0,8763,4.4,5.7,4.5
2800,4.5,0.0,0.0,Y,70k,1.0,4.3,0,8894,4.1,5.2,4.1
2800,4.5,0.0,0.0,Y,70k,5.0,3.8,0,5321,7.3,9.0,7.4
2800,4.5,0.0,0.0,Y,70k,5.0,4.3,0,5349,6.8,8.4,6.9
2800,4.5,0.0,0.0,Y,70k,10.0,3.8,0,3047,12.8,15.3,12.9
2800,4.5,0.0,0.0,Y,70k,10.0,4.3,0,3053,11.9,14.2,12.1
2800,4.5,0.0,0.0,J,70k,0.1,3.8,0,4676,6.7,17.4,7.0
2800,4.5,0.0,0.0,J,70k,0.1,4.3,0,4752,6.1,15.9,6.4
2800,4.5,0.0,0.0,J,70k,1.0,3.8,0,4532,6.9,18.0,7.3
2800,4.5,0.0,0.0,J,70k,1.0,4.3,0,4602,6.3,16.5,6.6
2800,4.5,0.0,0.0,J,70k,5.0,3.8,0,2668,11.8,31.5,12.5
2800,4.5,0.0,0.0,J,70k,5.0,4.3,0,2683,11.0,29.2,11.6
2800,4.5,0.0,0.0,J,70k,10.0,3.8,0,1427,22.5,59.3,23.8
2800,4.5,0.0,0.0,J,70k,10.0,4.3,0,1430,20.9,55.2,22.2
2800,4.5,0.0,0.0,H,70k,0.1,3.8,0,5854,5.2,9.9,5.3
2800,4.5,0.0,0.0,H,70k,0.1,4.3,0,5929,4.8,9.1,4.9
2800,4.5,0.0,0.0,H,70k,1.0,3.8,0,5728,5.3,10.2,5.5
2800,4.5,0.0,0.0,H,70k,1.0,4.3,0,5798,4.9,9.4,5.0
2800,4.5,0.0,0.0,H,70k,5.0,3.8,0,3602,8.4,16.1,8.7
2800,4.5,0.0,0.0,H,70k,5.0,4.3,0,3622,7.8,15.0,8.1
2800,4.5,0.0,0.0,H,70k,10.0,3.8,0,1924,15.9,31.0,16.5
2800,4.5,0.0,0.0,H,70k,10.0,4.3,0,1928,14.8,28.9,15.4
2800,4.5,0.0,0.0,Y,80k,0.1,3.8,0,10359,3.5,4.5,3.6
2800,4.5,0.0,0.0,Y,80k,0.1,4.3,0,10517,3.2,4.2,3.3
2800,4.5,0.0,0.0,Y,80k,1.0,3.8,0,10010,3.6,4.7,3.7
2800,4.5,0.0,0.0,Y,80k,1.0,4.3,0,10153,3.4,4.3,3.4
2800,4.5,0.0,0.0,Y,80k,5.0,3.8,0,5567,6.5,8.1,6.6
2800,4.5,0.0,0.0,Y,80k,5.0,4.3,0,5591,6.1,7.5,6.2
2800,4.5,0.0,0.0,Y,80k,10.0,3.8,0,3097,11.8,14.1,11.9
2800,4.5,0.0,0.0,Y,80k,10.0,4.3,0,3101,11.0,13.1,11.1
2800,4.5,0.0,0.0,J,80k,0.1,3.8,0,5408,5.4,14.0,5.7
2800,4.5,0.0,0.0,J,80k,0.1,4.3,0,5493,4.9,12.7,5.2
2800,4.5,0.0,0.0,J,80k,1.0,3.8,0,5199,5.6,14.6,5.9
2800,4.5,0.0,0.0,J,80k,1.0,4.3,0,5276,5.1,13.3,5.4
2800,4.5,0.0,0.0,J,80k,5.0,3.8,0,2803,10.5,28.0,11.2
2800,4.5,0.0,0.0,J,80k,5.0,4.3,0,2817,9.8,25.9,10.3
2800,4.5,0.0,0.0,J,80k,10.0,3.8,0,1454,20.7,54.4,21.9
2800,4.5,0.0,0.0,J,80k,10.0,4.3,0,1457,19.2,50.7,20.4
2800,4.5,0.0,0.0,H,80k,0.1,3.8,0,6555,4.3,8.3,4.5
2800,4.5,0.0,0.0,H,80k,0.1,4.3,0,6632,4.0,7.7,4.1
2800,4.5,0.0,0.0,H,80k,1.0,3.8,0,6386,4.4,8.5,4.6
2800,4.5,0.0,0.0,H,80k,1.0,4.3,0,6457,4.1,7.9,4.2
2800,4.5,0.0,0.0,H,80k,5.0,3.8,0,3773,7.5,14.4,7.8
2800,4.5,0.0,0.0,H,80k,5.0,4.3,0,3790,7.0,13.4,7.2
2800,4.5,0.0,0.0,H,80k,10.0,3.8,0,1961,14.6,28.5,15.1
2800,4.5,0.0,0.0,H,80k,10.0,4.3,0,1964,13.6,26.5,14.1
2700,4.5,0.0,0.0,Y,70k,0.1,3.8,0,10196,3.8,4.9,3.9
2700,4.5,0.0,0.0,Y,70k,0.1,4.3,0,10359,3.5,4.6,3.6
2700,4.5,0.0,0.0,Y,70k,1.0,3.8,0,9921,3.9,5.1,4.0
2700,4.5,0.0,0.0,Y,70k,1.0,4.3,0,10072,3.6,4.7,3.7
2700,4.5,0.0,0.0,Y,70k,5.0,3.8,0,5990,6.5,8.1,6.6
2700,4.5,0.0,0.0,Y,70k,5.0,4.3,0,6021,6.0,7.5,6.1
2700,4.5,0.0,0.0,Y,70k,10.0,3.8,0,3455,11.2,13.5,11.4
2700,4.5,0.0,0.0,Y,70k,10.0,4.3,0,3461,10.5,12.6,10.6
2700,4.5,0.0,0.0,J,70k,0.1,3.8,0,5442,5.7,14.9,6.0
2700,4.5,0.0,0.0,J,70k,0.1,4.3,0,5531,5.1,13.6,5.4
2700,4.5,0.0,0.0,J,70k,1.0,3.8,0,5271,5.9,15.4,6.2
2700,4.5,0.0,0.0,J,70k,1.0,4.3,0,5353,5.3,14.1,5.6
2700,4.5,0.0,0.0,J,70k,5.0,3.8,0,3084,10.2,27.2,10.8
2700,4.5,0.0,0.0,J,70k,5.0,4.3,0,3101,9.4,25.2,10.0
2700,4.5,0.0,0.0,J,70k,10.0,3.8,0,1645,19.4,50.7,20.5
2700,4.5,0.0,0.0,J,70k,10.0,4.3,0,1649,18.1,47.2,19.1
2700,4.5,0.0,0.0,H,70k,0.1,3.8,0,6515,4.6,9.0,4.8
2700,4.5,0.0,0.0,H,70k,0.1,4.3,0,6599,4.3,8.3,4.4
2700,4.5,0.0,0.0,H,70k,1.0,3.8,0,6373,4.7,9.2,4.9
2700,4.5,0.0,0.0,H,70k,1.0,4.3,0,6452,4.4,8.5,4.5
2700,4.5,0.0,0.0,H,70k,5.0,3.8,0,3991,7.6,14.9,7.9
2700,4.5,0.0,0.0,H,70k,5.0,4.3,0,4012,7.1,13.8,7.3
2700,4.5,0.0,0.0,H,70k,10.0,3.8,0,2125,14.4,28.9,15.0
2700,4.5,0.0,0.0,H,70k,10.0,4.3,0,2130,13.5,26.9,14.0
2700,4.5,0.0,0.0,Y,80k,0.1,3.8,0,11765,3.1,4.0,3.1
2700,4.5,0.0,0.0,Y,80k,0.1,4.3,0,11948,2.8,3.7,2.9
2700,4.5,0.0,0.0,Y,80k,1.0,3.8,0,11362,3.2,4.2,3.2
2700,4.5,0.0,0.0,Y,80k,1.0,4.3,0,11528,2.9,3.9,3.0
2700,4.5,0.0,0.0,Y,80k,5.0,3.8,0,6266,5.8,7.2,5.9
2700,4.5,0.0,0.0,Y,80k,5.0,4.3,0,6294,5.4,6.7,5.5
2700,4.5,0.0,0.0,Y,80k,10.0,3.8,0,3509,10.4,12.4,10.5
2700,4.5,0.0,0.0,Y,80k,10.0,4.3,0,3515,9.7,11.6,9.8
2700,4.5,0.0,0.0,J,80k,0.1,3.8,0,6305,4.6,11.9,4.8
2700,4.5,0.0,0.0,J,80k,0.1,4.3,0,6406,4.1,10.8,4.4
2700,4.5,0.0,0.0,J,80k,1.0,3.8,0,6057,4.8,12.5,5.0
2700,4.5,0.0,0.0,J,80k,1.0,4.3,0,6148,4.3,11.3,4.6
2700,4.5,0.0,0.0,J,80k,5.0,3.8,0,3241,9.0,24.1,9.6
2700,4.5,0.0,0.0,J,80k,5.0,4.3,0,3257,8.4,22.4,8.9
2700,4.5,0.0,0.0,J,80k,10.0,3.8,0,1676,17.8,46.6,18.9
2700,4.5,0.0,0.0,J,80k,10.0,4.3,0,1679,16.6,43.4,17.6
2700,4.5,0.0,0.0,H,80k,0.1,3.8,0,7304,3.9,7.5,4.0
2700,4.5,0.0,0.0,H,80k,0.1,4.3,0,7390,3.6,7.0,3.7
2700,4.5,0.0,0.0,H,80k,1.0,3.8,0,7113,4.0,7.7,4.1
2700,4.5,0.0,0.0,H,80k,1.0,4.3,0,7193,3.7,7.1,3.8
2700,4.5,0.0,0.0,H,80k,5.0,3.8,0,4181,6.8,13.3,7.0
2700,4.5,0.0,0.0,H,80k,5.0,4.3,0,4200,6.3,12.3,6.5
2700,4.5,0.0,0.0,H,80k,10.0,3.8,0,2166,13.3,26.5,13.7
2700,4.5,0.0,0.0,H,80k,10.0,4.3,0,2170,12.3,24.7,12.8
2600,4.5,0.0,0.0,Y,70k,0.1,3.8,0,11478,3.4,4.5,3.4
2600,4.5,0.0,0.0,Y,70k,0.1,4.3,0,11665,3.1,4.1,3.1
2600,4.5,0.0,0.0,Y,70k,1.0,3.8,0,11165,3.5,4.6,3.5
2600,4.5,0.0,0.0,Y,70k,1.0,4.3,0,11337,3.2,4.2,3.2
2600,4.5,0.0,0.0,Y,70k,5.0,3.8,0,6694,5.8,7.3,5.9
2600,4.5,0.0,0.0,Y,70k,5.0,4.3,0,6729,5.4,6.8,5.4
2600,4.5,0.0,0.0,Y,70k,10.0,3.8,0,3885,9.9,12.0,10.1
2600,4.5,0.0,0.0,Y,70k,10.0,4.3,0,3892,9.3,11.2,9.4
2600,4.5,0.0,0.0,J,70k,0.1,3.8,0,6306,4.8,12.8,5.1
2600,4.5,0.0,0.0,J,70k,0.1,4.3,0,6410,4.4,11.6,4.6
2600,4.5,0.0,0.0,J,70k,1.0,3.8,0,6107,5.0,13.3,5.3
2600,4.5,0.0,0.0,J,70k,1.0,4.3,0,6202,4.5,12.1,4.8
2600,4.5,0.0,0.0,J,70k,5.0,3.8,0,3559,8.7,23.5,9.3
2600,4.5,0.0,0.0,J,70k,5.0,4.3,0,3580,8.1,21.8,8.6
2600,4.5,0.0,0.0,J,70k,10.0,3.8,0,1893,16.8,43.9,17.8
2600,4.5,0.0,0.0,J,70k,10.0,4.3,0,1897,15.6,40.9,16.5
2600,4.5,0.0,0.0,H,70k,0.1,3.8,0,7322,4.1,8.1,4.3
2600,4.5,0.0,0.0,H,70k,0.1,4.3,0,7417,3.8,7.5,4.0
2600,4.5,0.0,0.0,H,70k,1.0,3.8,0,7163,4.2,8.3,4.4
2600,4.5,0.0,0.0,H,70k,1.0,4.3,0,7252,3.9,7.7,4.0
2600,4.5,0.0,0.0,H,70k,5.0,3.8,0,4482,6.8,13.4,7.0
2600,4.5,0.0,0.0,H,70k,5.0,4.3,0,4506,6.3,12.5,6.5
2600,4.5,0.0,0.0,H,70k,10.0,3.8,0,2389,12.9,26.2,13.4
2600,4.5,0.0,0.0,H,70k,10.0,4.3,0,2394,12.0,24.4,12.5
2600,4.5,0.0,0.0,Y,80k,0.1,3.8,0,13281,2.7,3.6,2.8
2600,4.5,0.0,0.0,Y,80k,0.1,4.3,0,13491,2.5,3.4,2.5
2600,4.5,0.0,0.0,Y,80k,1.0,3.8,0,12819,2.8,3.8,2.9
2600,4.5,0.0,0.0,Y,80k,1.0,4.3,0,13009,2.6,3.5,2.6
2600,4.5,0.0,0.0,Y,80k,5.0,3.8,0,7005,5.2,6.5,5.2
2600,4.5,0.0,0.0,Y,80k,5.0,4.3,0,7035,4.8,6.1,4.9
2600,4.5,0.0,0.0,Y,80k,10.0,3.8,0,3945,9.2,11.1,9.3
2600,4.5,0.0,0.0,Y,80k,10.0,4.3,0,3951,8.5,10.3,8.7
2600,4.5,0.0,0.0,J,80k,0.1,3.8,0,7312,3.9,10.2,4.1
2600,4.5,0.0,0.0,J,80k,0.1,4.3,0,7430,3.5,9.2,3.7
2600,4.5,0.0,0.0,J,80k,1.0,3.8,0,7022,4.1,10.7,4.3
2600,4.5,0.0,0.0,J,80k,1.0,4.3,0,7128,3.7,9.7,3.9
2600,4.5,0.0,0.0,J,80k,5.0,3.8,0,3743,7.8,20.9,8.2
2600,4.5,0.0,0.0,J,80k,5.0,4.3,0,3761,7.2,19.4,7.6
2600,4.5,0.0,0.0,J,80k,10.0,3.8,0,1928,15.4,40.4,16.3
2600,4.5,0.0,0.0,J,80k,10.0,4.3,0,1932,14.3,37.6,15.2
2600,4.5,0.0,0.0,H,80k,0.1,3.8,0,8212,3.4,6.8,3.6
2600,4.5,0.0,0.0,H,80k,0.1,4.3,0,8310,3.2,6.2,3.3
2600,4.5,0.0,0.0,H,80k,1.0,3.8,0,7997,3.5,6.9,3.7
2600,4.5,0.0,0.0,H,80k,1.0,4.3,0,8088,3.3,6.4,3.4
2600,4.5,0.0,0.0,H,80k,5.0,3.8,0,4696,6.1,12.0,6.3
2600,4.5,0.0,0.0,H,80k,5.0,4.3,0,4717,5.6,11.1,5.8
2600,4.5,0.0,0.0,H,80k,10.0,3.8,0,2434,11.8,24.1,12.3
2600,4.5,0.0,0.0,H,80k,10.0,4.3,0,2438,11.0,22.4,11.4
2500,4.5,0.0,0.0,Y,70k,0.1,3.8,0,12704,3.0,4.1,3.1
2500,4.5,0.0,0.0,Y,70k,0.1,4.3,0,12915,2.8,3.8,2.8
2500,4.5,0.0,0.0,Y,70k,1.0,3.8,0,12350,3.1,4.2,3.1
2500,4.5,0.0,0.0,Y,70k,1.0,4.3,0,12545,2.8,3.9,2.9
2500,4.5,0.0,0.0,Y,70k,5.0,3.8,0,7305,5.2,6.7,5.3
2500,4.5,0.0,0.0,Y,70k,5.0,4.3,0,7344,4.9,6.3,4.9
2500,4.5,0.0,0.0,Y,70k,10.0,3.8,0,4238,9.0,11.0,9.1
2500,4.5,0.0,0.0,Y,70k,10.0,4.3,0,4245,8.4,10.3,8.5
2500,4.5,0.0,0.0,J,70k,0.1,3.8,0,7327,4.1,10.9,4.3
2500,4.5,0.0,0.0,J,70k,0.1,4.3,0,7449,3.7,9.9,3.9
2500,4.5,0.0,0.0,J,70k,1.0,3.8,0,7094,4.2,11.3,4.5
2500,4.5,0.0,0.0,J,70k,1.0,4.3,0,7206,3.8,10.3,4.1
2500,4.5,0.0,0.0,J,70k,5.0,3.8,0,4118,7.5,20.4,7.9
2500,4.5,0.0,0.0,J,70k,5.0,4.3,0,4142,6.9,18.9,7.3
2500,4.5,0.0,0.0,J,70k,10.0,3.8,0,2173,14.5,38.5,15.4
2500,4.5,0.0,0.0,J,70k,10.0,4.3,0,2177,13.5,35.8,14.3
2500,4.5,0.0,0.0,H,70k,0.1,3.8,0,8186,3.7,7.3,3.8
2500,4.5,0.0,0.0,H,70k,0.1,4.3,0,8291,3.4,6.7,3.5
2500,4.5,0.0,0.0,H,70k,1.0,3.8,0,8009,3.8,7.5,3.9
2500,4.5,0.0,0.0,H,70k,1.0,4.3,0,8108,3.5,6.9,3.6
2500,4.5,0.0,0.0,H,70k,5.0,3.8,0,5031,6.1,12.0,6.3
2500,4.5,0.0,0.0,H,70k,5.0,4.3,0,5058,5.7,11.2,5.9
2500,4.5,0.0,0.0,H,70k,10.0,3.8,0,2703,11.4,23.4,11.9
2500,4.5,0.0,0.0,H,70k,10.0,4.3,0,2709,10.7,21.9,11.1
2500,4.5,0.0,0.0,Y,80k,0.1,3.8,0,14757,2.4,3.3,2.5
2500,4.5,0.0,0.0,Y,80k,0.1,4.3,0,14995,2.2,3.1,2.3
2500,4.5,0.0,0.0,Y,80k,1.0,3.8,0,14233,2.5,3.4,2.5
2500,4.5,0.0,0.0,Y,80k,1.0,4.3,0,14450,2.3,3.2,2.3
2500,4.5,0.0,0.0,Y,80k,5.0,3.8,0,7650,4.7,6.0,4.7
2500,4.5,0.0,0.0,Y,80k,5.0,4.3,0,7684,4.3,5.6,4.4
2500,4.5,0.0,0.0,Y,80k,10.0,3.8,0,4303,8.3,10.2,8.4
2500,4.5,0.0,0.0,Y,80k,10.0,4.3,0,4309,7.7,9.5,7.8
2500,4.5,0.0,0.0,J,80k,0.1,3.8,0,8504,3.3,8.7,3.5
2500,4.5,0.0,0.0,J,80k,0.1,4.3,0,8642,3.0,7.8,3.1
2500,4.5,0.0,0.0,J,80k,1.0,3.8,0,8165,3.4,9.1,3.6
2500,4.5,0.0,0.0,J,80k,1.0,4.3,0,8288,3.1,8.2,3.3
2500,4.5,0.0,0.0,J,80k,5.0,3.8,0,4332,6.6,18.1,7.0
2500,4.5,0.0,0.0,J,80k,5.0,4.3,0,4354,6.1,16.8,6.5
2500,4.5,0.0,0.0,J,80k,10.0,3.8,0,2214,13.3,35.3,14.1
2500,4.5,0.0,0.0,J,80k,10.0,4.3,0,2218,12.4,32.9,13.1
2500,4.5,0.0,0.0,H,80k,0.1,3.8,0,9178,3.1,6.1,3.2
2500,4.5,0.0,0.0,H,80k,0.1,4.3,0,9286,2.9,5.6,3.0
2500,4.5,0.0,0.0,H,80k,1.0,3.8,0,8938,3.2,6.2,3.3
2500,4.5,0.0,0.0,H,80k,1.0,4.3,0,9039,2.9,5.7,3.0
2500,4.5,0.0,0.0,H,80k,5.0,3.8,0,5269,5.4,10.8,5.6
2500,4.5,0.0,0.0,H,80k,5.0,4.3,0,5292,5.0,10.0,5.2
2500,4.5,0.0,0.0,H,80k,10.0,3.8,0,2754,10.5,21.5,10.9
2500,4.5,0.0,0.0,H,80k,10.0,4.3,0,2759,9.8,20.1,10.2
